
{"type": "FeatureCollection",
    "features": [
    
        { "type": "Feature", "properties":{  "document_code":"DEMO1"  , "section_code":"S0003"  , "text":"I - Pretend Interviewer<br/>P - Pretend Participant<br/><br/>I - If you don&#39;t like you hunt moose here, is there something else you hunt in this area?<br/><br/>P: All along this line the caribou move north and south so we often hunt for them in this area."  , "measure_value":"1"  , "measure_type":"Presence"  , "use_period":"Provided"  , "use_period_start":""  , "use_period_end":""  , "annual_variation":"Not Recorded"  , "annual_variation_months":""  , "spatial_data_source":"On Screen"  , "spatial_data_scale":"100,000"  , "audio_start":"0:13"  , "audio_end":"0:20"  , "tags":"S"  }, "geometry": { "type": "MultiLineString", "coordinates": [ [ [ -12469923.320379, 8239197.197614 ], [ -12389714.948734, 8112352.970473 ], [ -12424363.277250, 7993348.346421 ], [ -12462540.147363, 7927309.304231 ], [ -12556401.840343, 7900727.445281 ] ] ] } }
    
        , { "type": "Feature", "properties":{  "document_code":"DEMO1"  , "section_code":"S0005"  , "text":"I - Pretend Interviewer<br/>P - Pretend Participant<br/><br/>I: Are there other places you see moose?<br/><br/>P: I often see moose on this trail in spring."  , "measure_value":"1"  , "measure_type":"Presence"  , "use_period":"Not Recorded"  , "use_period_start":""  , "use_period_end":""  , "annual_variation":"Not Recorded"  , "annual_variation_months":""  , "spatial_data_source":"On Screen"  , "spatial_data_scale":"100,000"  , "audio_start":"0:26"  , "audio_end":"0:30"  , "tags":"S"  }, "geometry": { "type": "MultiLineString", "coordinates": [ [ [ -12519265.004299, 7879435.759140 ], [ -12478463.894693, 7894883.977358 ], [ -12422141.401697, 7898345.235108 ], [ -12435890.278187, 7859667.042757 ], [ -12427472.757434, 7866762.573485 ] ] ] } }
    
    ]
}

