
{"users":[{
    
    "James Brown":[{
        
        "type":"Individual User",
        "email":"",
        "community":"Unknown",
        "family group":"Unknown",
        "maiden name":"Herman",
        "gender":"Unknown",
        "marital status":"Unknown",
        "birth date":"2006-08-01",
        "tags":"ABC, DEF",
        "note":"XYZ",
        "phone":[],
        "address":[]
        
    }]
    
    , "Research Director":[{
        
        "type":"Individual User",
        "email":"tsw.web@gmail.com",
        "community":"Unknown",
        "family group":"Unknown",
        "maiden name":"",
        "gender":"Unknown",
        "marital status":"Unknown",
        "birth date":"",
        "tags":"",
        "note":"This is a note",
        "phone":[],
        "address":[]
        
    }]
    
}]}

