
{"type": "FeatureCollection",
    "features": [
    
        { "type": "Feature", "properties":{  "document_code":"DEMO1"  , "section_code":"S0002"  , "text":"I - Pretend Interviewer<br/>P - Pretend Participant<br/><br/>I: How about moose?<br/><br/>P: I hunt moose in many places. I don&#39;t usually go down to Richard Lake though. The moose there are funny these days. Lots of ticks. This is the general area where I do my moose hunting."  , "measure_value":"1"  , "measure_type":"Presence"  , "use_period":"Not Recorded"  , "use_period_start":""  , "use_period_end":""  , "annual_variation":"Not Recorded"  , "annual_variation_months":""  , "spatial_data_source":"On Screen"  , "spatial_data_scale":"100,000"  , "audio_start":"0:06"  , "audio_end":"0:12"  , "tags":"S"  , "image0":"IMAGE_1.jpg"  , "image0caption":"Flowers on the prairie"  , "image1":"IMAGE_2.jpg"  , "image1caption":"Landscape photo"  }, "geometry": { "type": "MultiPolygon", "coordinates": [ [ [ [ -12395203.538483, 8121019.060325 ], [ -12378017.834882, 8108412.897973 ], [ -12354466.107223, 8103753.152289 ], [ -12298301.774794, 8088842.428615 ], [ -12293565.692153, 8062364.196056 ], [ -12335665.838087, 8052068.988468 ], [ -12346911.234513, 8061655.731951 ], [ -12387205.778915, 8071720.480967 ], [ -12418975.847402, 8099597.529924 ], [ -12395203.538483, 8121019.060325 ] ] ] ] } }
    
        , { "type": "Feature", "properties":{  "document_code":"DEMO1"  , "section_code":"S0004"  , "text":"I - Pretend Interviewer<br/>P - Pretend Participant<br/><br/>I: Do you see other animals on this trail?<br/><br/>P: Yes, we see bear too, mostly black bears in this area. Sometimes moose in this area too."  , "measure_value":"1"  , "measure_type":"Presence"  , "use_period":"Not Recorded"  , "use_period_start":""  , "use_period_end":""  , "annual_variation":"Not Recorded"  , "annual_variation_months":""  , "spatial_data_source":"On Screen"  , "spatial_data_scale":"100,000"  , "audio_start":"0:21"  , "audio_end":"0:25"  , "tags":"S"  }, "geometry": { "type": "MultiPolygon", "coordinates": [ [ [ [ -12441088.244615, 8004867.884705 ], [ -12420113.985340, 7994983.280453 ], [ -12447280.135002, 7945660.618709 ], [ -12456049.923077, 7932016.518887 ], [ -12478765.891300, 7951030.209463 ], [ -12456580.435163, 7983260.428114 ], [ -12441088.244615, 8004867.884705 ] ] ] ] } }
    
    ]
}

