
{"type": "FeatureCollection",
    "features": [
    
        { "type": "Feature", "properties":{  "document_code":"DEMO1"  , "section_code":"S0001"  , "text":"I - Pretend Interviewer<br/>P - Pretend Participant<br/><br/>I: Do you still hunt bison?<br/><br/>P: Sometimes but bison are heavy so I only go with other people. I like this spot here because it is close to the lake so we can put the bison in my boat and bring it back home that way.<br/><br/>And I snare rabbits here sometimes"  , "measure_value":"1"  , "measure_type":"Presence"  , "use_period":"Not Recorded"  , "use_period_start":""  , "use_period_end":""  , "annual_variation":"Refused"  , "annual_variation_months":""  , "spatial_data_source":"On Screen"  , "spatial_data_scale":"100,000"  , "audio_start":"0:01"  , "audio_end":"0:05"  , "tags":"S"  }, "geometry": { "type": "Point", "coordinates": [ -12520886.917258, 8107154.817477 ] } }
    
    ]
}

