
{"type": "FeatureCollection",
    "features": [
    
        { "type": "Feature", "properties":{  "document_code":"DEMO7"  , "section_code":"RV1"  , "text":"View of bow river"  , "measure_value":"1"  , "measure_type":"Presence"  , "use_period":"Not Recorded"  , "use_period_start":""  , "use_period_end":""  , "annual_variation":"Not Recorded"  , "annual_variation_months":""  , "spatial_data_source":"On Screen"  , "spatial_data_scale":"100,000"  , "audio_start":"None"  , "audio_end":"None"  , "tags":"RV"  , "image0":"IMAGE_3.jpg"  , "image0caption":""  }, "geometry": { "type": "Point", "coordinates": [ -12711238.361253, 6638541.127257 ] } }
    
        , { "type": "Feature", "properties":{  "document_code":"DEMO7"  , "section_code":"VL2"  , "text":"View of valley with grass"  , "measure_value":"1"  , "measure_type":"Presence"  , "use_period":"Not Recorded"  , "use_period_start":""  , "use_period_end":""  , "annual_variation":"Seasonal"  , "annual_variation_months":""  , "spatial_data_source":"On Screen"  , "spatial_data_scale":"100,000"  , "audio_start":"None"  , "audio_end":"None"  , "tags":"VL"  , "image0":"IMAGE_4.jpg"  , "image0caption":"A view of the valley"  }, "geometry": { "type": "Point", "coordinates": [ -12711173.239351, 6638464.550948 ] } }
    
        , { "type": "Feature", "properties":{  "document_code":"DEMO7"  , "section_code":"BP3"  , "text":"A good spot for blueberries"  , "measure_value":"1"  , "measure_type":"Presence"  , "use_period":"Not Recorded"  , "use_period_start":""  , "use_period_end":""  , "annual_variation":"Not Recorded"  , "annual_variation_months":""  , "spatial_data_source":"On Screen"  , "spatial_data_scale":"100,000"  , "audio_start":"None"  , "audio_end":"None"  , "tags":"BP"  }, "geometry": { "type": "Point", "coordinates": [ -12711050.231314, 6638730.443981 ] } }
    
    ]
}

